I sleep and you sleep,நான் தூங்குகிறேன் மற்றும் நீ தூங்குகிறாய்,நானும் நீயும் தூங்குகிறோம்,5,நான் மற்றும் நீ தூங்குகிறோம்,4,நான் தூங்குகிறேன் நீ தூங்குகிறாய்,1,நான் தூங்குகிறேன் நீயும் தூங்குகிறாய்,1,நான் தூங்குகிறேன் மற்றும் நீயும்,1,நாம் தூங்குகின்றோம்,1,
Hans is sleeping and Peter is sleeping,செந்தில் தூங்குகிறார் மற்றும் ராஜேஷ் தூங்குகிறார்,செந்தில் மற்றும் ராஜேஷ் தூங்குகிறார்கள்,6,செந்தில் தூங்குகிறார் ராஜேஷ் தூங்குகிறார்,1,செந்தில் தூங்குகிறார் மற்றும் ராஜேஷ் அவர்களும்,1,செந்திலும் ராஜேஷும் தூங்குகிறார்கள்,1,
Hans wants to sleep and Peter wants to sleep,செந்தில் தூங்க விரும்புகிறார் மற்றும் ராஜேஷ் தூங்க விரும்புகிறார்,செந்தில் மற்றும் ராஜேஷ் தூங்க விரும்புகிறார்கள்,5,செந்தில் தூங்க விரும்புகிறார் ராஜேஷ் தூங்க விரும்புகிறார்,1,செந்தில் தூங்க விரும்புகிறார் மற்றும் ராஜேஷ் அவர்களும்,1,செந்தில் மற்றும் ராஜேஷ் தூங்க விரும்புகின்றனர்,1,செந்திலும் ராஜேஷும் தூங்க விரும்புகிறார்கள்,1,
My wife wants to buy a car and my son wants to buy a motorcycle,எனது மனைவி ஒரு கார் வாங்க விரும்புகிறார் மற்றும் எனது மகன் ஒரு மோட்டார்வண்டி வாங்க விரும்புகிறார்,எனது மனைவி ஒரு கார் மற்றும் எனது மகன் ஒரு மோட்டார்வண்டி வாங்க விரும்புகிறார்கள்,3,எனது மனைவி ஒரு கார் வாங்கவும் எனது மகன் ஒரு மோட்டார்வண்டி வாங்கவும் விரும்புகிறார்கள்,1,எனது மனைவி ஒரு காரும் மகன் ஒரு மோட்டார்வண்டியும் வாங்க விரும்புகிறார்கள்,1,எனது மனைவி ஒரு கார் வாங்க விரும்புகிறார் மற்றும் எனது மகன் ஒரு மோட்டார்வண்டி,1,எனது மனைவி ஒரு கார் மற்றும் மகன் ஒரு மோட்டார்வண்டி வாங்க விரும்புகின்றனர்,1,
The driver was killed and the passengers were seriously injured,ஓட்டுநர் இறந்து விட்டார் மற்றும் பயணிகள் தீவிரமாக காயமடைந்து விட்டனர்,ஓட்டுநர் இறந்து விட்டார் பயணிகள் தீவிரமாக காயமடைந்து விட்டனர்,2,ஓட்டுநர் இறந்தும் பயணிகள் தீவிரமாக காயமடைந்தும் விட்டனர்,2,ஓட்டுநர் இறந்து மற்றும் பயணிகள் தீவிரமாக காயமடைந்து விட்டனர்,2,ஓட்டுநர் இறந்து விட்டார் மற்றும் பயணிகள் தீவிரமாக காயமடைந்து விட்டனர்,1,
Hans can sleep and Hans can dream,செந்தில் தூங்க முடியும் மற்றும் செந்தில் கனவுகாண முடியும்,செந்தில் தூங்க மற்றும் கனவுகாண முடியும்,5,செந்தில் தூங்கவும் கனவுக்காணவும் முடியும்,1,செந்தில் தூங்க முடியும் மற்றும் கனவுகாண முடியும்,1,
I see Hans sleeping in the car and I see Hans sleeping on the bus,நான் காரின் உள்ளே செந்தில் தூங்குவதை காண்கிறேன் மற்றும் நான் பஸ்ஸின் உள்ளே ராஜேஷ் தூங்குவதை காண்கிறேன்,நான் காரின் உள்ளே செந்தில் தூங்குவதையும் பஸ்ஸின் உள்ளே ராஜேஷ் தூங்குவதையும் காண்கிறேன்,2,நான் காரின் உள்ளே செந்தில் மற்றும் பஸ்ஸின் உள்ளே ராஜேஷ் தூங்குவதை காண்கிறேன்,2,நான் காரின் உள்ளே செந்தில் மற்றும் பஸ்ஸின் உள்ளே ராஜேஷ் தூங்குவதையும் காண்கிறேன்,1,நான் காரின் உள்ளே செந்தில் தூங்குவதை காண்கிறேன் மற்றும் பஸ்ஸின் உள்ளே ராஜேஷ் தூங்குவதை காண்கிறேன்,1,நான் காரில் செந்திலும் மற்றும் பஸ்ஸில் ராஜேஷும் தூங்குவதை காண்கிறேன்,1,
Hans must be able to sleep and Peter must be able to sleep.,செந்தில் தூங்க முடியும் மற்றும் ராஜேஷ் தூங்க முடியும்,செந்தில் மற்றும் ராஜேஷ் தூங்க முடியும்,6,செந்தில் தூங்க முடியும் ராஜேஷ் தூங்க முடியும்,1,செந்திலும் ராஜேஷும் தூங்க முடியும்,1,
Hans eats apples and Peter eats pears,செந்தில் மாங்காய்கள் சாப்பிடுகிறார் மற்றும் ராஜேஷ் நெல்லிக்காய்கள் சாப்பிடுகிறார்,செந்தில் மாங்காய்கள் மற்றும் ராஜேஷ் நெல்லிக்காய்கள் சாப்பிடுகிறார்கள்,4,செந்தில் மாங்காய்களும் ராஜேஷ் நெல்லிக்காய்களும் சாப்பிடுகிறார்கள்,2,செந்தில் மாங்காய்கள் சாப்பிடுகிறார் ராஜேஷ் நெல்லிக்காய்கள் சாப்பிடுகிறார்,1,
Hans eats apples and Peter eats pears,செந்தில் மாங்காய்கள் சாப்பிடுகிறார் மற்றும் நெல்லிக்காய்களை ராஜேஷ் சாப்பிடுகிறார்,செந்தில் மாங்காய்கள் சாப்பிடுகிறார் நெல்லிக்காய்களை ராஜேஷ் சாப்பிடுகிறார்,2,செந்தில் மாங்காய்களையும் மற்றும் நெல்லிக்காய்களை ராஜேஷ் சாப்பிடுகிறார்கள்,1,செந்தில் மாங்காய்கள் சாப்பிடுகிறார் மற்றும் நெல்லிக்காய்களை ராஜேஷ்,1,செந்தில் மாங்காய்கள் மற்றும் ராஜேஷ் நெல்லிக்காய்களை சாப்பிடுகிறார்கள்,1,
Mari reads articles and her sons read thick books,லதா கட்டுரைகள் படிக்கிறார் மற்றும் அவளுடைய மகன்கள் தடித்த புத்தகங்களை படிக்கிறார்கள்,லதா கட்டுரைகள் மற்றும் அவளுடைய மகன்கள் தடித்த புத்தகங்களை படிக்கிறார்கள்,2,லதா கட்டுரைகளையும் அவளுடைய மகன்கள் தடித்த புத்தகங்களை படிக்கிறார்கள்,1,லதா கட்டுரைகள் படிக்கிறார் அவளுடைய மகன்கள் தடித்த புத்தகங்களை படிக்கிறார்கள்,1,லதா கட்டுரைகளையும் மற்றும் அவளுடைய மகன்கள் தடித்த புத்தகங்களையும் படிக்கிறார்கள்,1,
Mari reads books and Jüri writes books,லதா புத்தகங்கள் படிக்கிறார் மற்றும் பவித்ரா புத்தகங்கள் எழுதுகிறார்,லதா புத்தகங்கள் படிக்கிறார் பவித்ரா புத்தகங்கள் எழுதுகிறார்,2,லதா புத்தகங்கள் படிக்கிறார் மற்றும் பவித்ரா எழுதுகிறார்,2,புத்தகங்களை லதா படிக்கிறார் மற்றும் பவித்ரா எழுதுகிறார்,1,
Mari reads books and Jüri writes books,புத்தகங்களை லதா படிக்கிறார் மற்றும் பவித்ரா புத்தகங்கள் எழுதுகிறார்,புத்தகங்களை லதா படிக்கிறார் மற்றும் பவித்ரா எழுதுகிறார்,4,புத்தகங்களை லதா படிக்கிறார் பவித்ரா எழுதுகிறார்,1,புத்தகங்களை லதா படிக்கிறார் பவித்ரா புத்தகங்கள் எழுதுகிறார்,1,
Mari reads books and Jüri writes books,புத்தகங்களை லதா படிக்கிறார் மற்றும் புத்தகங்களை பவித்ரா எழுதுகிறார்,புத்தகங்களை லதா படிக்கிறார் மற்றும் பவித்ரா எழுதுகிறார்,4,புத்தகங்களை லதா படிக்கிறார் பவித்ரா எழுதுகிறார்,2,
Hans eats apples and Peter eats pears,செந்தில் மாங்காய்கள் சாப்பிடுகிறார் மற்றும் நெல்லிக்காய்களை ராஜேஷ் சாப்பிடுகிறார்,செந்தில் மாங்காய்களையும் மற்றும் நெல்லிக்காய்களை ராஜேஷ் சாப்பிடுகிறார்,1,செந்தில் மாங்காய்கள் சாப்பிடுகிறார் நெல்லிக்காய்களை ராஜேஷ் சாப்பிடுகிறார்,1,செந்தில் மாங்காய்களையும் மற்றும் நெல்லிக்காய்களை ராஜேஷ் சாப்பிடுகிறார்கள்,1,செந்தில் மாங்காய்கள் மற்றும் நெல்லிக்காய்களை ராஜேஷ் சாப்பிடுகிறார்,1,செந்தில் மாங்காய்கள் மற்றும் ராஜேஷ் நெல்லிக்காய்களை சாப்பிடுகிறார்கள்,1,
Hans eats apples and Peter eats apples,செந்தில் மாங்காய்கள் சாப்பிடுகிறார் மற்றும் ராஜேஷ் மாங்காய்கள் சாப்பிடுகிறார்,செந்தில் மற்றும் ராஜேஷ் மாங்காய்கள் சாப்பிடுகிறார்கள்,3,செந்தில் மற்றும் ராஜேஷ் மாங்காய்கள் சாப்பிடுகிறார்,1,செந்தில் மாங்காய்கள் சாப்பிடுகிறார் மற்றும் ராஜேஷ் அவர்களும்,1,செந்தில் மற்றும் ராஜேஷ் மாங்காய்கள் சாப்பிடுகின்றனர்,1,செந்திலும் ராஜேஷும் மாங்காய்கள் சாப்பிடுகிறார்கள்,1,
Hans eats apples and Peter eats in the car,செந்தில் மாங்காய்கள் சாப்பிடுகிறார் மற்றும் ராஜேஷ் காரின் உள்ளே சாப்பிடுகிறார்,செந்தில் மாங்காய்கள் சாப்பிடுகிறார் மற்றும் ராஜேஷ் காரின் உள்ளே சாப்பிடுகிறார்,3,செந்தில் மாங்காய்கள் சாப்பிடுகிறார் ராஜேஷ் காரின் உள்ளே சாப்பிடுகிறார்,1,செந்தில் மாங்காய்களையும் மற்றும் ராஜேஷ் காரின் உள்ளேயும் சாப்பிடுகிறார்கள்,1,
Mari buys pears and Jüri buys at the market,லதா நெல்லிக்காய்கள் வாங்கினார் மற்றும் பவித்ரா சந்தையில் வாங்கினார்,லதா நெல்லிக்காய்கள் வாங்கினார் மற்றும் பவித்ரா சந்தையில் வாங்கினார்,3,லதா நெல்லிக்காய்கள் வாங்கினார் பவித்ரா சந்தையில் வாங்கினார்,1,லதா நெல்லிக்காய்களையும் மற்றும் பவித்ரா சந்தையில் இருந்தும் வாங்கினார்கள்,1,
Hans rarely sleeps and Peter sleeps in the car,செந்தில் அரிதாக தூங்குகிறார் மற்றும் ராஜேஷ் காரின் உள்ளே தூங்குகிறார்,செந்தில் அரிதாகவும் மற்றும் ராஜேஷ் காரின் உள்ளேயும் தூங்குகிறார்கள்,2,செந்தில் அரிதாக தூங்குகிறார் மற்றும் ராஜேஷ் காரின் உள்ளே தூங்குகிறார்,2,செந்தில் அரிதாக தூங்குகிறார் ராஜேஷ் காரின் உள்ளே தூங்குகிறார்,1,
Jüri lives in Tartu and his sons live in Tallinn,பவித்ரா சென்னையில் வாழ்கிறார் மற்றும் அவரது மகன்கள் கோவையில் வாழ்கிறார்கள்,பவித்ரா சென்னையிலும் மற்றும் அவரது மகன்கள் கோவையிலும் வாழ்கிறார்கள்,2,பவித்ரா சென்னையில் மற்றும் அவரது மகன்கள் கோவையில் வாழ்கிறார்கள்,2,பவித்ரா சென்னையிலும் அவரது மகன்கள் கோவையிலும் வாழ்கிறார்கள்,1,பவித்ரா சென்னையில் வாழ்கிறார் அவரது மகன்கள் கோவையில் வாழ்கிறார்கள்,1,
My sister lives in Narva and my brothers live in Narva,எனது சகோதிரி சேலத்தில் வாழ்கிறார் மற்றும் எனது சகோதரர்கள் சேலத்தில் வாழ்கிறார்கள்,எனது சகோதிரி மற்றும் சகோதரர்கள் சேலத்தில் வாழ்கிறார்கள்,2,எனது சகோதிரி சகோதரர்கள் சேலத்தில் வாழ்கிறார்கள்,1,எனது சகோதரி மற்றும் சகோதரர்கள் சேலத்தில் வாழ்கிறார்கள்,1,எனது சகோதர சகோதரிகள் சேலத்தில் வாழ்கிறார்கள்,1,எனது சகோதரி மற்றும் எனது சகோதரர்கள் சேலத்தில் வாழ்கிறார்கள்,1,எனது சகோதிரியும் மற்றும் எனது சகோதரர்களும் சேலத்தில் வாழ்கிறார்கள்,1,
I hope Hans sleeps and you hope Peter sleeps,செந்தில் தூங்குகிறார் என்று நான் நம்புகிறேன் மற்றும் ராஜேஷ் தூங்குகிறார் என்று நீ நம்புகிறாய்,செந்தில் தூங்குகிறார் என்று நான் நம்புகிறேன் ராஜேஷ் தூங்குகிறார் என்று நீ நம்புகிறாய்,2,செந்தில் தூங்குகிறார் என்று நானும் மற்றும் ராஜேஷ் தூங்குகிறார் என்று நீயும் நம்புகிறோம்,2,செந்தில் தூங்குகிறார் என்று நானும் ராஜேஷ் தூங்குகிறார் என்று நீயும் நம்புகிறோம்,1,செந்தில் தூங்குகிறார் என்று நான் நம்புகிறேன் மற்றும் ராஜேஷ் தூங்குகிறார் என்று நீ,1,
I hope that Hans sleeps and you hope that Peter sleeps,செந்தில் தூங்குகிறார் என்று நான் நம்புகிறேன் மற்றும் ராஜேஷ் தூங்குகிறார் என்று நீ நம்புகிறாய்,செந்தில் தூங்குகிறார் என்று நானும் மற்றும் ராஜேஷ் தூங்குகிறார் என்று நீயும் நம்புகிறோம்,3,செந்தில் மற்றும் ராஜேஷ் தூங்குகிறார்கள் என்று நாம் நம்புகிறோம்,1,செந்தில் தூங்குகிறார் என்று நான் நம்புகிறேன் மற்றும் ராஜேஷ் தூங்குகிறார் என்று நீ,1,செந்தில் தூங்குகிறார் என்று நானும் ராஜேஷ் தூங்குகிறார் என்று நீயும் நம்புகிறோம்,1,
Today Hans should clean his car and today Susi should clean her bike,இன்று கட்டாயம் செந்தில் அவனுடைய காரை சுத்தம்செய்யனும் மற்றும் இன்று கட்டாயம் பூங்கோதை அவளுடைய வண்டியை சுத்தம்செய்யனும்,இன்று கட்டாயம் செந்தில் அவனுடைய காரை மற்றும் பூங்கோதை அவளுடைய வண்டியை சுத்தம்செய்யனும்,2,இன்று கட்டாயம் செந்தில் அவனுடைய காரை சுத்தம்செய்யனும் இன்று கட்டாயம் பூங்கோதை அவளுடைய வண்டியை சுத்தம்செய்யனும்,1,இன்று கட்டாயம் செந்தில் அவனுடைய காரையும் பூங்கோதை அவளுடைய வண்டியையும் சுத்தம்செய்யனும்,1,இன்று கட்டாயம் செந்தில் அவனுடைய கார் மற்றும் பூங்கோதை அவளுடைய வண்டியை சுத்தம்செய்யனும்,1,இன்று கட்டாயம் செந்தில் அவனுடைய காரை சுத்தம்செய்யனும் மற்றும் பூங்கோதை அவளுடைய வண்டியை சுத்தம்செய்யனும்,1,
Today Hans should clean cars and especially Hans should clean cars today until midnight.,இன்று கட்டாயம் செந்தில் கார்களை சுத்தம்செய்யனும் மற்றும் இன்று கட்டாயம் செந்தில் நள்ளிரவு வரை கார்கள் சுத்தம்செய்யனும்,இன்று கட்டாயம் செந்தில் கார்களை நள்ளிரவு வரை சுத்தம்செய்யனும்,5,இன்று கட்டாயம் செந்தில் கார்களை நள்ளிரவு வரை சுத்தம் செய்ய வேண்டும்,1,இன்று கட்டாயம் செந்தில் நள்ளிரவு வரை கார்கள் சுத்தம்செய்யனும்,1,
I like apples and I eat apples often,எனக்கு ஆப்பிள்கள் பிடிக்கும் மற்றும் நான் அடிக்கடி ஆப்பிள்கள் சாப்பிடுகிறேன்,எனக்கு ஆப்பிள்கள் பிடிக்கும் அதனால் நான் அடிக்கடி சாப்பிடுகிறேன்,1,எனக்கு ஆப்பிள்கள் பிடிக்கும் நான் அடிக்கடி ஆப்பிள்கள் சாப்பிடுகிறேன்,1,எனக்கு ஆப்பிள்கள் பிடிக்கும் மற்றும் நான் அடிக்கடி அதை சாப்பிடுகிறேன்,1,எனக்கு ஆப்பிள்கள் பிடிக்கும் மற்றும் நான் அடிக்கடி சாப்பிடுகிறேன்,1,எனக்கு ஆப்பிள்கள் பிடிக்கும் மற்றும் அடிக்கடி சாப்பிடுகிறேன்,1,எனக்கு ஆப்பிள்கள் பிடிக்கும் அதனால் நான் அடிக்கடி ஆப்பிள்கள் சாப்பிடுகிறேன்,1,எனக்கு ஆப்பிள்கள் பிடிக்கும் அதை நான் அடிக்கடி சாப்பிடுகிறேன்,1,
I like apples and I eat apples,எனக்கு ஆப்பிள்கள் பிடிக்கும் மற்றும் நான் ஆப்பிள்கள் சாப்பிடுகிறேன்,எனக்கு ஆப்பிள்கள் பிடிக்கும் அதனால் நான் சாப்பிடுகிறேன்,1,எனக்கு ஆப்பிள்கள் பிடிக்கும் நான் ஆப்பிள்கள் சாப்பிடுகிறேன்,1,எனக்கு ஆப்பிள்கள் பிடிக்கும் மற்றும் நான் அதை சாப்பிடுகிறேன்,1,எனக்கு ஆப்பிள்கள் பிடிக்கும் மற்றும் நான் ஆப்பிள்கள் சாப்பிடுகிறேன்,1,எனக்கு ஆப்பிள்கள் பிடிக்கும் மற்றும் நான் அவற்றை சாப்பிடுகிறேன்,1,எனக்கு ஆப்பிள்கள் பிடிக்கும் அதை நான் சாப்பிடுகிறேன்,1,
Hans steals bicycles and Hans sells bicycles,செந்தில் மிதிவண்டிகள் திருடுகிறார் மற்றும் செந்தில் மிதிவண்டிகள் விற்கிறார்,செந்தில் மிதிவண்டிகள் திருடுகிறார் மற்றும் விற்கிறார்,3,செந்தில் மிதிவண்டிகளை திருடுகிறார் மற்றும் விற்கிறார்,2,செந்தில் மிதிவண்டிகள் திருடி விற்கிறார்,2,செந்தில் மிதிவண்டிகள் திருடுகிறார் செந்தில் மிதிவண்டிகள் விற்கிறார்,1,
Susi heard that Hans steals bicycles and that Hans sells bicycles,செந்தில் மிதிவண்டிகள் திருடுகிறார் மற்றும் செந்தில் மிதிவண்டிகள் விற்கிறார் என்று கவிதா கேள்விப்பட்டார்,செந்தில் மிதிவண்டிகள் திருடுகிறார் மற்றும் விற்கிறார் என்று கவிதா கேள்விப்பட்டார்,4,செந்தில் மிதிவண்டிகளை திருடுகிறார் மற்றும் விற்கிறார் என்று கவிதா கேள்விப்பட்டார்,1,செந்தில் மிதிவண்டிகள் திருடி விற்கிறார் என்று கவிதா கேள்விப்பட்டார்,1,
Susi heard that Jan repaired his bike efficiently and that Jan cleaned his bike diligently,ராஜேஷ் தனது மிதிவண்டியை திறமையாக பழுதுபார்க்கிறார் மற்றும் ராஜேஷ் தனது மிதிவண்டியை தீவிரமாக சுத்தம்செய்தார் என்று கவிதா கேள்விப்பட்டார்,ராஜேஷ் தனது மிதிவண்டியை திறமையாக பழுதுபார்க்கிறார் மற்றும் தீவிரமாக சுத்தம்செய்தார் என்று கவிதா கேள்விப்பட்டார்,4,ராஜேஷ் தனது மிதிவண்டியை திறமையாக பழுதுபார்க்கிறார் மற்றும் அதனை தீவிரமாக சுத்தம்செய்தார் என்று கவிதா கேள்விப்பட்டார்,1,ராஜேஷ் தனது மிதிவண்டியை திறமையாக பழுதுபார்த்தார் மற்றும் தீவிரமாக சுத்தம்செய்தார் என்று கவிதா கேள்விப்பட்டார்,1,
Susi heard that Jan efficiently repaired his bike and that Jan diligently cleaned his bike,ராஜேஷ் திறமையாக தனது மிதிவண்டியை பழுதுபார்க்கிறார் மற்றும் ராஜேஷ் தீவிரமாக தனது மிதிவண்டியை சுத்தம்செய்தார் என்று கவிதா கேள்விப்பட்டார்,ராஜேஷ் திறமையாக தனது மிதிவண்டியை பழுதுபார்க்கிறார் மற்றும் தீவிரமாக சுத்தம்செய்தார் என்று கவிதா கேள்விப்பட்டார்,4,ராஜேஷ் தனது மிதி வண்டியை திறமையாக பழுதுபார்க்கிறார் மற்றும் சுத்தம் செய்தார் என்று கவிதா கேள்விப்பட்டார்,1,
Jan efficiently repaired his bike and that Jan diligently cleaned his bike,செந்தில் தனது மிதிவண்டியை திறமையாக பழுதுபார்க்கிறார் மற்றும் செந்தில் தனது மிதிவண்டியை தீவிரமாக சுத்தம்செய்தார்,செந்தில் தனது மிதிவண்டியை திறமையாக பழுதுபார்க்கிறார் மற்றும் தீவிரமாக சுத்தம்செய்தார்,3,செந்தில் தனது மிதிவண்டியை திறமையாக பழுதுபார்க்கிறார் மற்றும் தீவிரமாக சுத்தம் செய்தார்,1,செந்தில் தனது மிதி வண்டியை திறமையாக பழுதுபார்க்கிறார் மற்றும் தீவிரமாக சுத்தம்செய்தார்,1,செந்தில் தனது மிதிவண்டியை திறமையாக பழுதுபார்க்கிறார் மற்றும் மிதிவண்டியை தீவிரமாக சுத்தம்செய்தார்,1,
Susi heard that Hans often steals bicycles and that Hans often sells bicycles,செந்தில் அடிக்கடி மிதிவண்டிகள் திருடுகிறார் மற்றும் செந்தில் அடிக்கடி மிதிவண்டிகளை விற்கிறார் என்றும் கவிதா கேள்விப்பட்டார்,செந்தில் அடிக்கடி மிதிவண்டிகளை திருடுகிறார் மற்றும் விற்கிறார் என்றும் கவிதா கேள்விப்பட்டார்,1,செந்தில் அடிக்கடி மிதிவண்டிகள் திருடுகிறார் மற்றும் அடிக்கடி விற்கிறார் என்று கவிதா கேள்விப்பட்டார்,1,செந்தில் அடிக்கடி மிதிவண்டிகள் திருடிகிறார் மற்றும் விற்கிறார் என்று கவிதா கேள்விப்பட்டார்,1,செந்தில் அடிக்கடி மிதிவண்டிகள் திருடுகிறார் மற்றும் மிதிவண்டிகளை விற்கிறார் என்று கவிதா கேள்விப்பட்டார்,1,செந்தில் அடிக்கடி மிதிவண்டிகள் திருடுகிறார் மற்றும் மிதிவண்டிகள் விற்கிறார் என்று கவிதா கேள்விப்பட்டார்,1,
Susi heard that Hans often steals bicycles and that Hans rarely sells bicycles,செந்தில் அடிக்கடி மிதிவண்டிகள் திருடுகிறார் மற்றும் செந்தில் அரிதாக மிதிவண்டிகளை விற்கிறார் என்றும் கவிதா கேள்விப்பட்டார்,செந்தில் அடிக்கடி மிதிவண்டிகள் திருடுகிறார் மற்றும் அரிதாக விற்கிறார் என்று கவிதா கேள்விப்பட்டார்,2,செந்தில் அடிக்கடி மிதிவண்டிகளை திருடி அரிதாக விற்கிறார் என்றும் கவிதா கேள்விப்பட்டார்,1,செந்தில் அடிக்கடி மிதிவண்டிகள் திருடுகிறார் மற்றும் அவற்றை அரிதாக விற்கிறார் என்று கவிதா கேள்விப்பட்டார்,1,செந்தில் அடிக்கடி மிதிவண்டிகள் திருடுகிறார் மற்றும் அரிதாக மிதிவண்டிகளை விற்கிறார் என்று கவிதா கேள்விப்பட்டார்,1,
Hans tries to steal cars and Peter tries to sell bicycles,செந்தில் கார்கள் திருட முயற்சிக்கிறார் மற்றும் செந்தில் மிதிவண்டிகள் விற்க முயற்சிக்கிறார்,செந்தில் கார்கள் திருட மற்றும் மிதிவண்டிகள் விற்க முயற்சிக்கிறார்,2,செந்தில் கார்களை திருடவும் மற்றும் மிதிவண்டிகளை விற்கவும் முயற்சிக்கிறார்,1,செந்தில் கார்கள் திருட மற்றும் விற்க முயற்சிக்கிறார்,1,செந்தில் கார்கள் திருடவும் மற்றும் விற்கவும் முயற்சிக்கிறார்,1,
Hans tries to steal cars and Peter tries to steal bicycles,செந்தில் கார்கள் திருட முயற்சிக்கிறார் மற்றும் ராஜேஷ் மிதிவண்டிகள் திருட முயற்சிக்கிறார்,செந்தில் கார்களையும் மற்றும் ராஜேஷ் மிதிவண்டிகளையும் திருட முயற்சிக்கிறார்கள்,2,செந்தில் கார்கள் மற்றும் ராஜேஷ் மிதிவண்டிகள் திருட முயற்சிக்கிறார்கள்,2,செந்தில் கார்கள் திருட மற்றும் ராஜேஷ் மிதிவண்டிகள் திருட முயற்சிக்கின்றனர்,1,
Hans tried to steal cars and Peter tried to steal bicycles,செந்தில் கார்கள் திருட முயன்றார் மற்றும் ராஜேஷ் மிதிவண்டிகள் திருட முயன்றார்,செந்தில் கார்களையும் மற்றும் ராஜேஷ் மிதிவண்டிகளையும் திருட முயன்றார்கள்,2,செந்தில் கார்கள் மற்றும் ராஜேஷ் மிதிவண்டிகள் திருட முயன்றார்கள்,1,செந்தில் கார்கள் மற்றும் ராஜேஷ் மிதிவண்டிகள் திருட முயன்றனர்,1,செந்தில் கார்கள் திருட மற்றும் ராஜேஷ் மிதிவண்டிகள் திருட முயன்றனர்,1,
I sing while Hans sleeps and you sing while Peter sleeps,செந்தில் தூங்கும் போது நான் பாடுகிறேன் மற்றும் ராஜேஷ் தூங்கும் போது நீ பாடுகிறாய்,செந்தில் மற்றும் ராஜேஷ் தூங்கும் போது நாம் பாடுகிறோம்,2,செந்தில் மாற்று ராஜேஷ் தூங்கும்போது நாம் பாடுகிறோம்,1,செந்தில் தூங்கும் போது நான் பாடுகிறேன் மற்றும் ராஜேஷ் தூங்கும் போது நீ பாடுகிறாய்,1,செந்தில் தூங்கும்போது நான் மற்றும் ராஜேஷ் தூங்கும்போது நீ பாடுகிறோம்,1,
I sing while Hans sleeps and you sing while Hans sleeps,செந்தில் தூங்கும் போது நான் பாடுகிறேன் மற்றும் செந்தில் தூங்கும் போது நீ பாடுகிறாய்,செந்தில் தூங்கும்போது நாம் பாடுகிறோம்,2,செந்தில் தூங்கும் போது நான் மற்றும் நீ பாடுகிறோம்,1,செந்தில் தூங்கும் போது நான் பாடுகிறேன் மற்றும் நீ,1,செந்தில் தூங்கும்போது நானும் நீயும் பாடுகிறோம்,1,செந்தில் தூங்கும் போது நாம் பாடுகிறோம்,1,
I see Hans sleeping in the car and you see Peter sleeping on the bus,காரின் உள்ளே செந்தில் தூங்குவதை நான் காண்கிறேன் மற்றும் பஸ்ஸின் உள்ளே ராஜேஷ் தூங்குவதை நீ காண்கிறாய்,காரின் உள்ளே செந்தில் தூங்குவதை நானும் மற்றும் பஸ்ஸின் உள்ளே ராஜேஷ் தூங்குவதை நீயும் காண்கிறோம்,3,காரின் உள்ளெ செந்திலும் மற்றும் பஸ்ஸின் உள்ளெ ராஜேஷ் தூங்குவதை நாம் காண்கிறோம்,1,காரின் உள்ளே செந்தில் தூங்குவதை நான் காண்கிறேன் மற்றும் பஸ்ஸின் உள்ளே ராஜேஷ் தூங்குவதை நீ காண்கிறாய்,1,
I see Hans sleeping in the car and you see Hans sleeping in the car,காரின் உள்ளே செந்தில் தூங்குவதை நான் காண்கிறேன் மற்றும் காரின் உள்ளே செந்தில் தூங்குவதை நீ காண்கிறாய்,காரின் உள்ளே செந்தில் தூங்குவதை நாம் காண்கின்றோம்,2,காரின் உள்ளே செந்தில் தூங்குவதை நாம் காண்கிறோம்,1,காரின் உள்ளே செந்தில் தூங்குவதை நான் மற்றும் நீ காண்கிறோம்,1,காரின் உள்ளே செந்தில் தூங்குவதை நான் காண்கிறேன் மற்றும் நீ,1,காரின் உள்ளே செந்தில் தூங்குவதை நான் மற்றும் நீ காண்கின்றோம்,1,காரின் உள்ளே செந்தில் தூங்குவதை நானும் நீயும் காண்கிறோம்,1,
I see Hans sleeping in the car and you see Hans sleeping on the bus,காரின் உள்ளே செந்தில் தூங்குவதை நான் காண்கிறேன் மற்றும் பஸ்ஸின் உள்ளே செந்தில் தூங்குவதை நீ காண்கிறாய்,காரின் உள்ளே செந்தில் தூங்குவதை நான் காண்கிறேன் மற்றும் பஸ்ஸின் உள்ளே செந்தில் தூங்குவதை நீ காண்கிறாய்,2,காரின் உள்ளே செந்தில் தூங்குவதை நானும் மற்றும் பஸ்ஸின் உள்ளே செந்தில் தூங்குவதை நீயும் காண்கிறோம்,1,கார் மற்றும் பஸ்ஸின் உள்ளே செந்தில் தூங்குவதை நான் மற்றும் நீ காண்கின்றோம்,1,
I see Hans sleeping in the car and Hans sleeping on the bus,செந்தில் காரின் உள்ளே தூங்குவதை மற்றும் செந்தில் பஸ்ஸின் மேலே தூங்குவதை நான் காண்கிறேன்,செந்தில் காரின் உள்ளே மற்றும் பஸ்ஸின் மேலே தூங்குவதை நான் காண்கிறேன்,3,செந்தில் காரின் மற்றும் பஸ்ஸின் உள்ளே தூங்குவதை நான் காண்கிறேன்,1,
I hope that Hans sleeps and that Peter sleeps,செந்தில் தூங்குகிறார் மற்றும் ராஜேஷ் தூங்குகிறார் என்று நான் நம்புகிறேன்,செந்தில் மற்றும் ராஜேஷ் தூங்குகிறார் என்று நான் நம்புகிறேன்,4,செந்தில் மற்றும் ராஜேஷ் தூங்குகிறார்கள் என்று நான் நம்புகிறேன்,1,
I want to hope that Hans sleeps and you want to hope that Peter sleeps,செந்தில் தூங்குகிறார் என்று நம்ப நான் விரும்புகிறேன் மற்றும் ராஜேஷ் தூங்குகிறார் என்று நம்ப நீ விரும்புகிறாய்,செந்தில் தூங்குகிறார் என்று நம்ப நானும் மற்றும் ராஜேஷ் தூங்குகிறார் என்று நம்ப நீயும் விரும்புகிறோம்,2,செந்தில் மற்றும் ராஜேஷ் தூங்குகிறார் என்று நம்ப நாம் விரும்புகிறோம்,1,செந்தில் தூங்குகிறார் என்றும் நானும் மற்றும் ராஜேஷ் தூங்குகிறார் என்று நீயும் நம்ப விரும்புகிறோம்,1,செந்தில் மற்றும் ராஜேஷ் தூங்குகிறார்கல் என்று நம்ப நாம் விரும்புகிறோம்,1,
that Hans eats apples and that Maria eats pears Everyone knows and that Peter drinks wine and that Susi drinks beer  nobody knows,செந்தில் மாங்காய் சாப்பிடுகிறார் மற்றும் லதா நெல்லிக்காய் சாப்பிடுகிறார் என்று அனைவரும் அறிந்திருக்கிறார்கள் மற்றும் ராஜேஷ் மது குடிக்கிறார் மற்றும் சுதா பீர் குடிக்கிறார் என்று யாரும் அறியவில்லை,செந்தில் மாங்காய் மற்றும் லதா நெல்லிக்காய் சாப்பிடுகிறார்கள் என்று அனைவரும் அறிந்திருக்கிறார்கள் மற்றும் ராஜேஷ் மது மற்றும் சுதா பீர் குடிக்கிறார்கள் என்று யாரும் அறியவில்லை,2,செந்தில் மாங்காய்கள் மற்றும் லதா நெல்லிக்காய்கள் சாப்பிடுகிறார் என்று அனைவரும் அறிந்திருக்கிறார்கள் ஆனால் ராஜேஷ் மது மற்றும் சுதா பீர் குடிக்கிறார் என்று யாரும் அறியவில்லை,1,செந்தில் மாங்காய் மற்றும் லதா நெல்லிக்காய் சாப்பிடுகிறார் என்று அனைவரும் அறிந்திருக்கிறார்கள் மற்றும் ராஜேஷ் மது மற்றும் சுதா பீர் குடிக்கிறார் என்று யாரும் அறியவில்லை,1,செந்தில் மாங்காய் மற்றும் சுதா நெல்லிக்காய் சாப்பிடுகிறார்கள் என்று அனைவரும் அறிந்திருக்கிறார்கள் மற்றும் ராஜேஷ் மது மற்றும் சுதா பீர் குடிக்கிறார்கள் என்று யாரும் அறியவில்லை,1,
that Hans eats apples Everyone knows and that Hans eats pears nobody knows,செந்தில் மாங்காய்கள் சாப்பிடுகிறார் என்று அனைவரும் அறிந்திருக்கிறார்கள் மற்றும் செந்தில் நெல்லிக்காய்கள் சாப்பிடுகிறார் என்று யாரும் அறியவில்லை,செந்தில் மாங்காய்கள் சாப்பிடுகிறார் என்று அனைவரும் அறிந்திருக்கிறார்கள் மற்றும் நெல்லிக்காய்கள் சாப்பிடுகிறார் என்று யாரும் அறியவில்லை,2,செந்தில் மாங்காய்கள் சாப்பிடுகிறார் என்று அனைவரும் அறிந்திருக்கிறார்கள் மற்றும் நெல்லிக்காய்களை சாப்பிடுகிறார் என்று யாரும் அறியவில்லை,1,
Nobody knows that Hans wants to eat apples and that Maria knows how to eat pears and that Peter wants to drink wine and wants to drink Susi Biert,செந்தில் மாங்காய்கள் சாப்பிட விரும்புகிறார் மற்றும் லதா நெல்லிக்காய்கள் சாப்பிட விரும்புகிறார் என்று அனைவரும் அறிந்திருக்கிறார்கள் மற்றும் ராஜேஷ் மது குடிக்க விரும்புகிறார் மற்றும் சுதா பீர் குடிக்க விரும்புகிறார் என்று யாரும் அறியவில்லை,செந்தில் மாங்காய்கள் மற்றும் லதா நெல்லிக்காய்கள் சாப்பிட விரும்புகிறார் என்று அனைவரும் அறிந்திருக்கிறார்கள் மற்றும் ராஜேஷ் மது மற்றும் சுதா பீர் குடிக்க விரும்புகிறார் என்று யாரும் அறியவில்லை,2,செந்தில் மாங்காய்கள் மற்றும் லதா நெல்லிக்காய்கள் சாப்பிட விரும்புகிறார்கள் என்று அனைவரும் அறிந்திருக்கிறார்கள் மற்றும் ராஜேஷ் மது மற்றும் சுதா பீர் குடிக்க விரும்புகிறார்கள் என்று யாரும் அறியவில்லை,1,செந்தில் மாங்காய்கள் மற்றும் லதா நெல்லிக்காய்களை சாப்பிட விரும்புகிறார்கள் என்று அனைவரும் அறிந்திருக்கிறார்கள் மற்றும் ராஜேஷ் மது மற்றும் சுதா பீர் குடிக்க விரும்புகிறார் என்று யாரும் அறியவில்லை,1,
that Hans had an accident and that Hans could die Susi heard ,செந்தில் அவர்களுக்கு ஒரு விபத்து ஏற்பட்டது என்றும் செந்தில் இறக்க கூடும் என்றும் சுதா கேள்விப்பட்டார்,செந்திலுக்கு ஒரு விபத்து ஏற்பட்டது என்றும் இறக்க கூடும் என்றும் சுதா கேள்விப்பட்டார்,2,செந்தில் அவர்களுக்கு ஒரு விபத்து ஏற்பட்டது என்றும் இறக்க கூடும் என்றும் சுதா கேள்விப்பட்டார்,1,செந்தில் அவர்களுக்கு ஒரு விபத்து ஏற்பட்டு இறக்க கூடும் என்று சுதா கேள்விப்பட்டார்,1,செந்தில் அவர்களுக்கு ஒரு விபத்து ஏற்பட்டது மற்றும் அவர் இறக்க கூடும் என்று சுதா கேள்விப்பட்டார்,1,
Susi heard that Hans had an accident and that Hans could die,சுதா கேள்விப்பட்டது என்னவென்றால் செந்தில் அவர்களுக்கு ஒரு விபத்து ஏற்பட்டது என்றும் செந்தில் இறக்க கூடும் என்றும்,சுதா கேள்விப்பட்டார் செந்திலுக்கு ஒரு விபத்து ஏற்பட்டது என்றும் இறக்க கூடும் என்றும்,2,சுதா கேள்விப்பட்டது என்னவென்றால் செந்தில் அவர்களுக்கு ஒரு விபத்து ஏற்பட்டது மற்றும் இறக்க கூடும் என்று,1,சுதா கேள்விப்பட்டது என்னவென்றால் செந்தில் அவர்களுக்கு ஒரு விபத்து ஏற்பட்டது என்றும் மற்றும் இறக்க கூடும் என்றும்,1,சுதா கேள்விப்பட்டது என்னவென்றால் செந்தில் அவர்களுக்கு ஒரு விபத்து ஏற்பட்டது என்றும் மற்றும் செந்தில் இறக்க கூடும் என்றும்,1,
Susi heard that Hans was lucky and that Peter was unlucky,சுதா கேள்விப்பட்டது செந்தில் அதிர்ஷ்டம் கொண்டவர் என்றும் ராஜேஷ் துரதிருஷ்டம் கொண்டவர் என்றும்,சுதா கேள்விப்பட்டது செந்தில் அதிர்ஷ்டம் மற்றும் ராஜேஷ் துரதிருஷ்டம் கொண்டவர்கள் என்று,1,சுதா கேள்விப்பட்டது செந்தில் அதிர்ஷ்டம் கொண்டவர் என்றும் மற்றும் ராஜேஷ் துரதிருஷ்டம் கொண்டவர் என்றும்,1,சுதா கேள்விப்பட்டது செந்தில் அதிர்ஷ்டம் கொண்டவர் மற்றும் ராஜேஷ் துரதிருஷ்டம் கொண்டவர் என்று,1,
Hans peels apples in the car and Peter eats apples in the car,காரின் உள்ளே செந்தில் மாங்காய்கள் உரிக்கிறார் மற்றும் காரின் உள்ளே ராஜேஷ் மாங்காய்கள் சாப்பிடுகிறார்,காரின் உள்ளே செந்தில் மாங்காய்கள் உரிக்கிறார் மற்றும் ராஜேஷ் சாப்பிடுகிறார்,3,காரின் உள்ளே செந்தில் மாங்காய்கள் உரிக்கிறார் மற்றும் ராஜேஷ் மாங்காய்கள் சாப்பிடுகிறார்,3,
I hope Hans eats apples and Peter eats pears,செந்தில் மாங்காய்கள் சாப்பிடுகிறார் மற்றும் ராஜேஷ் நெல்லிக்காய்கள் சாப்பிடுகிறார் என்று நான் நம்புகிறேன்,செந்தில் மாங்காய்கள் மற்றும் ராஜேஷ் நெல்லிக்காய்கள் சாப்பிடுகிறார் என்று நான் நம்புகிறேன்,2,செந்தில் மாங்காய்களையும் மற்றும் ராஜேஷ் நெல்லிக்காய்களையும் சாப்பிடுகிறார் என்று நான் நம்புகிறேன்,1,செந்தில் மாங்காய்கள் மற்றும் ராஜேஷ் நெல்லிக்காய்கள் சாப்பிடுகிறார்கள் என்று நான் நம்புகிறேன்,1,
I hope Hans eats and Peter eats,செந்தில் சாப்பிடுகிறார் மற்றும் ராஜேஷ் சாப்பிடுகிறார் என்று நான் நம்புகிறேன்,செந்தில் மற்றும் ராஜேஷ் சாப்பிடுகிறார் என்று நான் நம்புகிறேன்,3,செந்தில் மற்றும் ராஜேஷ் சாப்பிடுகிறார்கள் என்று நான் நம்புகிறேன்,2,
I hope that Hans can eat apples and that Peter can eat pears,செந்தில் மாங்காய்கள் சாப்பிட முடியும் மற்றும் ராஜேஷ் நெல்லிக்காய்கள் சாப்பிட முடியும் என்று நான் நம்புகிறேன்,செந்தில் மாங்காய்கள் மற்றும் ராஜேஷ் நெல்லிக்காய்கள் சாப்பிட முடியும் என்று நான் நம்புகிறேன்,3,செந்திலால் மாங்காய்களையும் மற்றும் ராஜேஷால் நெல்லிக்காய்கள் சாப்பிட முடியும் என்று நான் நம்புகிறேன்,1,
I hope Hans eats apples and Peter eats pears and you hope Michael eats apples and Robert eats pears,செந்தில் மாங்காய்கள் சாப்பிடுகிறார் மற்றும் ராஜேஷ் நெல்லிக்காய்கள் சாப்பிடுகிறார் என்று நான் நம்புகிறேன் மற்றும் சுந்தர் பப்பாளிகள் சாப்பிடுகிறார் மற்றும் அரவிந்த் பேரிச்சம்பழங்கள் சாப்பிடுகிறார் என்று நீ நம்புகிறாய்,செந்தில் மாங்காய்கள் மற்றும் ராஜேஷ் நெல்லிக்காய்கள் சாப்பிடுகிறார் என்று நான் நம்புகிறேன் மற்றும் சுந்தர் பப்பாளிகள் மற்றும் அரவிந்த் பேரிச்சம்பழங்கள் சாப்பிடுகிறார் என்று நீ நம்புகிறாய்,2,செந்தில் மாங்காய்களை ராஜேஷ் நெல்லிக்காய்களை சுந்தர் பப்பாளிகளை மற்றும் அரவிந்த் பேரீட்சைபழங்களை சாப்பிடுகிறார்கள் என்று நாம் நம்புகிறோம்,1,செந்தில் மாங்காய்கள் மற்றும் ராஜேஷ் நெல்லிக்காய்கள் சாப்பிடுகிறார்கள் என்று நான் நம்புகிறேன் மற்றும் சுந்தர் பப்பாளிகள் மற்றும் அரவிந்த் பேரிச்சம்பழங்கள் சாப்பிடுகிறார்கள் என்று நீ நம்புகிறாய்,1,
Jan repaired his bike and Peter cleaned his bike,செந்தில் அவரது மிதிவண்டியை சரிபார்த்தார் மற்றும் ராஜேஷ் அவரது மிதிவண்டியை சுத்தம்செய்தார்,செந்தில் அவரது மிதிவண்டியை சரிபார்த்தார் மற்றும் ராஜேஷ் அவருடையதை சுத்தம்செய்தார்,3,செந்தில் மற்றும் ராஜேஷ் அவர்களது மிதிவண்டியை சரிபார்த்து சுத்தம்செய்தார்கள்,1,
Susi heard that Jan repaired his bike and that Peter cleaned his bike,செந்தில் அவரது மிதிவண்டியை சரிபார்த்தார் மற்றும் ராஜேஷ் அவரது மிதிவண்டியை சுத்தம்செய்தார் என்றும் சுதா கேள்விப்பட்டார்,செந்தில் அவரது மிதிவண்டியை சரிபார்த்தார் மற்றும் ராஜேஷ் அவருடையதை சுத்தம்செய்தார் என்றும் சுதா கேள்விப்பட்டார்,3,செந்தில் மற்றும் ராஜேஷ் அவர்களது மிதிவண்டியை சரிபார்த்து சுத்தம்செய்தார்கள் என்று சுதா கேள்விப்பட்டார்,1,
Jan repaired his new bike and his brothers cleaned their old bikes,செந்தில் அவரது புது மிதிவண்டியை சரிபார்த்தார் மற்றும் அவரது சகோதரர்கள் அவரது பழைய மிதிவண்டிகளை சுத்தம்செய்தார்கள்,செந்தில் அவரது புது மிதிவண்டியை சரிபார்த்தார் மற்றும் சகோதரர்கள் அவரது பழைய மிதிவண்டிகளை சுத்தம்செய்தார்கள்,1,செந்தில் அவரது புது மிதிவண்டியை சரிபார்த்தார் மற்றும் சகோதரர்கள் பழைய மிதிவண்டியை சுத்தம்செய்தார்கள்,1,
Hans sleeps in the car and Peter works in the car,காரின் உள்ளே செந்தில் தூங்குகிறார் மற்றும் காரின் உள்ளே ராஜேஷ் வேலைபார்க்கிறார்,காரின் உள்ளே செந்தில் தூங்குகிறார் மற்றும் ராஜேஷ் வேலைபார்க்கிறார்,5,
Hans sleeps in the car and Peter sleeps in the car,செந்தில் காரின் உள்ளே தூங்குகிறார் மற்றும் ராஜேஷ் காரின் உள்ளே தூங்குகிறார்,செந்தில் மற்றும் ராஜேஷ் காரின் உள்ளே தூங்குகிறார்கள்,4,செந்தில் மற்றும் ராஜேஷ் காரின் உள்ளே தூங்குகின்றனர்,1,
Hans works in the car and Peter works in the car,செந்தில் காரின் உள்ளே வேலைபார்க்கிறார் மற்றும் ராஜேஷ் காரின் உள்ளே வேலைபார்க்கிறார்,செந்தில் மற்றும் ராஜேஷ் காரின் உள்ளே வேலைபார்க்கிறார்கள்,4,செந்தில் மற்றும் ராஜேஷ் காரின் உள்ளே வேலைபார்க்கின்றனர்,1,
Hans always sleeps in the car and Peter sometimes works in the car,காரின் உள்ளே செந்தில் எப்போதும் தூங்குகிறார் மற்றும் காரின் உள்ளே ராஜேஷ் சிலசமயங்களில் வேலைபார்க்கிறார்,காரின் உள்ளே செந்தில் எப்போதும் தூங்குகிறார் மற்றும் ராஜேஷ் சிலசமயங்களில் வேலைபார்க்கிறார்,6,
Hans always sleeps in the car and Peter sometimes works in the car with Maria,காரின் உள்ளே செந்தில் எப்போதும் தூங்குகிறார் மற்றும் காரின் உள்ளே ராஜேஷ் சிலசமயங்களில் லதா உடன் வேலைபார்க்கிறார்,காரின் உள்ளே செந்தில் எப்போதும் தூங்குகிறார் மற்றும் ராஜேஷ் சிலசமயங்களில் லதா உடன் வேலைபார்க்கிறார்,6,
Hans always sings in the car for Susi and Peter sometimes composes in the car for Maria,காரின் உள்ளே செந்தில் எப்போதும் சுதா அவர்களுக்காக பாடுகிறார் மற்றும் காரின் உள்ளே ராஜேஷ் சிலசமயங்களில் லதா அவர்களுக்காக இசையமைக்கிறார்,காரின் உள்ளே செந்தில் எப்போதும் சுதா அவர்களுக்காக பாடுகிறார் மற்றும் ராஜேஷ் சிலசமயங்களில் லதா அவர்களுக்காக இசையமைக்கிறார்,4,காரின் உள்ளே செந்தில் எப்போதும் சுதாவிற்காக பாடுகிறார் மற்றும் ராஜேஷ் சிலசமயங்களில் லதாவிற்காக இசையமைக்கிறார்,1,
Hans always composes in the car for Maria and Peter sometimes composes in the car for Maria,காரின் உள்ளே செந்தில் எப்போதும் சுதா அவர்களுக்காக இசையமைக்கிறார் மற்றும் காரின் உள்ளே ராஜேஷ் சிலசமயங்களில் சுதா அவர்களுக்காக இசையமைக்கிறார்,காரின் உள்ளே செந்தில் எப்போதும் மற்றும் ராஜேஷ் சிலசமயங்களில் சுதா அவர்களுக்காக இசையமைக்கிறார்கள்,2,காரின் உள்ளே செந்தில் எப்போதும் சுதாவிற்காக இசையமைக்கிறார் மற்றும் ராஜேஷ் சிலசமயங்களில் சுதாவிற்காக இசையமைக்கிறார்,1,காரின் உள்ளே சுதா அவர்களுக்காக செந்தில் எப்போதும் இசையமைக்கிறார் மற்றும் ராஜேஷ் சிலசமயங்களில் இசையமைக்கிறார்,1,காரின் உள்ளே செந்தில் எப்போதும் சுதா அவர்களுக்காக இசையமைக்கிறார் மற்றும் ராஜேஷ் சிலசமயங்களில் இசையமைக்கிறார்,1,
Hans eats and Hans drinks,செந்தில் சாப்பிடுகிறார் மற்றும் செந்தில் குடிக்கிறார்,செந்தில் சாப்பிடுகிறார் மற்றும் குடிக்கிறார்,5,
Hans eats today and Hans drinks tomorrow,செந்தில் இன்று சாப்பிடுகிறார் மற்றும் செந்தில் நாளை குடிக்கிறார்,செந்தில் இன்று சாப்பிடுகிறார் மற்றும் நாளை குடிக்கிறார்,4,செந்தில் இன்று சாப்பிடுகிறார் நாளை குடிப்பார்,1,செந்தில் இன்று சாப்பிடுகிறார் நாளை குடிக்கிறார்,1,
Today Hans eats and today Hans drinks,இன்று செந்தில் சாப்பிடுகிறார் மற்றும் இன்று செந்தில் குடிக்கிறார்,இன்று செந்தில் சாப்பிடுகிறார் மற்றும் குடிக்கிறார்,5,
Hans wants to sleep today and Hans wants to sleep tomorrow,செந்தில் இன்று தூங்க விரும்புகிறார் மற்றும் செந்தில் நாளை தூங்க விரும்புகிறார்,செந்தில் இன்று மற்றும் நாளை தூங்க விரும்புகிறார்,4,செந்தில் இன்று தூங்க விரும்புகிறார் மற்றும் நாளை தூங்க விரும்புகிறார்,1,
Hans from Berlin can arrive today and Hans from Berlin can leave tomorrow,செந்தில் சென்னையில் இருந்து இன்று வர முடியும் மற்றும் செந்தில் சென்னையில் இருந்து நாளை வெளியேற முடியும்,செந்தில் சென்னையில் இருந்து இன்று வர முடியும் மற்றும் நாளை வெளியேற முடியும்,4,செந்திலால் சென்னையில் இருந்து இன்று வர மற்றும் நாளை வெளியேற முடியும்,1,
Hans from Berlin wants to arrive today and Hans from Hamburg wants to leave tomorrow,செந்தில் சென்னையில் இருந்து இன்று வர விரும்புகிறார் மற்றும் செந்தில் சேலத்தில் இருந்து நாளை வெளியேற விரும்புகிறார்,செந்தில் சென்னையில் இருந்து இன்று வர மற்றும் சேலத்தில் இருந்து நாளை வெளியேற விரும்புகிறார்,2,செந்தில் சென்னையில் இருந்து இன்று வர விரும்புகிறார் மற்றும் நாளை வெளியேற விரும்புகிறார்,2,செந்தில் சென்னையில் இருந்து இன்று வர விரும்புகிறார் மற்றும் சேலத்தில் இருந்து நாளை வெளியேற விரும்புகிறார்,1,
Tomorrow Peter celebrates with friends and Peter sleeps alone today,நாளை செந்தில் நண்பர்கள் உடன் கொண்டாடுகிறார் மற்றும் இன்று செந்தில் தனியாக தூங்குகிறார்,நாளை செந்தில் நண்பர்கள் உடன் கொண்டாடுகிறார் மற்றும் இன்று தனியாக தூங்குகிறார்,4,
The hunter went into the forest and the hunter shot a hare,வேட்டையாடி காட்டின் உள்ளே சென்றார் மற்றும் வேட்டையாடி ஒரு முயலை சுட்டார்,வேட்டையாடி காட்டின் உள்ளே சென்றார் மற்றும் ஒரு முயலை சுட்டார்,3,வேட்டையாடி காட்டின் உள்ளே சென்று ஒரு முயலை சுட்டார்,1,வேட்டையாட காட்டின் உள்ளே சென்றார் மற்றும் ஒரு முயலை சுட்டார்,1,வேட்டையாடி காட்டின் உள்ளே சென்றார் ஒரு முயலை சுட்டார்,1,
I do not drink this wine any more and I pour this wine away,நான் இந்த மதுவை குடிக்க மாட்டேன் மற்றும் நான் இந்த மதுவை வெளியே வீசியெறிவேன்,நான் இந்த மதுவை குடிக்க மாட்டேன் மற்றும் வெளியே வீசியெறிவேன்,5,நான் இந்த மதுவை குடிக்க மாட்டேன் வெளியே வீசியெறிவேன்,1,
He wants to pass the exam and he can pass the exam,அவர் அந்த தேர்வில் தேர விரும்புகிறார் மற்றும் அவரால் அந்த தேர்வில் தேர முடியும்,அவர் அந்த தேர்வில் தேர விரும்புகிறார் மற்றும் அவரால் முடியும்,3,அவர் அந்த தேர்வில் தேர விரும்புகிறார் மற்றும் அவரால் தேர முடியும்,1,அவர் அந்த தேர்வில் தேர விரும்புகிறார் மற்றும் அவரால் தேர்வில் தேர முடியும்,1,அவர் அந்த தேர்வில் தேர விரும்புகிறார் மற்றும் அந்த தேர்வில் தேர முடியும்,1,
Yesterday you left and yesterday you did not say anything,நேற்று நீ வெளியேறினாய் மற்றும் நேற்று நீ பேச இல்லை,நேற்று நீ வெளியேறினாய் மற்றும் பேசவில்லை,3,நேற்று நீ வெளியேறினாய் மற்றும் பேச இல்லை,1,நேற்று நீ வெளியேறினால் மற்றும் பேச இல்லை,1,
Why did you leave and why did not you say anything,நீ ஏன் வெளியேறினாய் மற்றும் நீ ஏன் பேச இல்லை,நீ ஏன் வெளியேறினாய் மற்றும் ஏன் பேசவில்லை,2,நீ ஏன் வெளியேறினாய் மற்றும் பேச இல்லை,1,நீ ஏன் வெளியேறினால் மற்றும் பேச இல்லை,1,நீ ஏன் வெளியேறினால் மற்றும் ஏன் பேச இல்லை,1,நீ ஏன் வெளியேறினாய் மற்றும் பேசவில்லை,1,நேற்று நீ வெளியேறினாய் மற்றும் பேசவில்லை,1,
Are People still standing in front of the house and  are people shouting slogans?,மக்கள் வீட்டின் முன் இன்னுமா நிற்கிறார்கள் மற்றும் மக்கள் கூச்சல் எழுப்புகிறார்கள்,மக்கள் வீட்டின் முன் இன்னுமா நிற்கிறார்கள் மற்றும் கூச்சல் எழுப்புகிறார்கள்,4,மக்கள் வீட்டின் முன் இன்றும் நின்று கூச்சல் எழுப்புகிறார்கள்,1,
Yesterday you left and yesterday you did not warn me,நேற்று நீ சென்றாய் மற்றும் நேற்று நீ என்னை எச்சரிக்க இல்லை,நேற்று நீ சென்றாய் மற்றும் என்னை எச்சரிக்க இல்லை,3,நேற்று நீ சென்றாய் ஆனால் நீ என்னை எச்சரிக்கவில்லை,1,
Peter celebrates tomorrow with friends and tomorrow Peter is sleeping alone,நாளை செந்தில் நண்பர்கள் உடன் கொண்டாடுகிறார் மற்றும் நாளை செந்தில் தனியாக தூங்குகிறார்,நாளை செந்தில் நண்பர்கள் உடன் கொண்டாடுகிறார் மற்றும் தனியாக தூங்குகிறார்,4,
Peter celebrates tomorrow with friends and Peter sleeps today without friends,நாளை செந்தில் நண்பர்கள் உடன் கொண்டாடுகிறார் மற்றும் இன்று செந்தில் நண்பர்கள் இல்லாமல் தூங்குகிறார்,நாளை செந்தில் நண்பர்கள் உடன் கொண்டாடுகிறார் மற்றும் இன்று நண்பர்கள் இல்லாமல் தூங்குகிறார்,2,நாளை செந்தில் நண்பர்கள் உடன் கொண்டாடுகிறார் இன்று நண்பர்கள் இல்லாமல் தூங்குகிறார்,1,நாளை செந்தில் நண்பர்களுடன் கொண்டாடுகிறார் மற்றும் இன்று அவர்கள் இல்லாமல் தூங்குகிறார்,1,
Hans eats the soup and Hans lies down,செந்தில் சூப் சாப்பிடுகிறார் மற்றும் செந்தில் கீழே படுத்துக் கொண்டார்,செந்தில் சூப் சாப்பிடுகிறார் மற்றும் கீழே படுத்துக் கொண்டார்,3,செந்தில் சூப் சாப்பிடும்போது கீழே படுத்துக் கொண்டார்,1,செந்தில் சூப் சாப்பிடுகிறார் மற்றும் கீழே படுத்து கொண்டார்,1,
Hans wants to eat the soup and Hans wants to lie down,செந்தில் சூப் சாப்பிட விரும்புகிறார் மற்றும் செந்தில் படுத்துக் கொள்ள விரும்புகிறார்,செந்தில் சூப் சாப்பிட மற்றும் படுத்துக்கொள்ள விரும்புகிறார்,2,செந்தில் சூப் சாப்பிடவும் மற்றும் படுத்துக் கொள்ளவும் விரும்புகிறார்,1,செந்தில் சூப் சாப்பிட மற்றும் படுத்துக் கொள்ள விரும்புகிறார்,1,செந்தில் சூப் சாப்பிட்டு படுத்துக்கொள்ள விரும்புகிறார்,1,செந்தில் சூப் சாப்பிட விரும்புகிறார் மற்றும் படுத்துக் கொள்ள விரும்புகிறார்,1,
Hans wants to eat the soup and wants to Hans lie down,செந்தில் சூப் சாப்பிட விரும்புகிறார் மற்றும் செந்தில் படுத்துக் கொள்ள விரும்புகிறார்,செந்தில் சூப் சாப்பிட மற்றும் படுத்துக் கொள்ள விரும்புகிறார்,2,
Hans wants to try eat The soup and Hans tries to lie down,செந்தில் சூப் சாப்பிட முயற்சிக்க விரும்புகிறார் மற்றும் செந்தில் படுத்துக் கொள்ள முயற்சிக்க விரும்புகிறார்,செந்தில் சூப் சாப்பிட மற்றும் படுத்துக் கொள்ள முயற்சிக்க விரும்புகிறார்,3,செந்தில் சூப் சாப்பிட்டு படுத்துக் கொள்ள முயற்சிக்குறார்,1,செந்தில் சூப் சாப்பிட மற்றும் படுத்துக்கொள்ள முயற்சிக்க விரும்புகிறார்,1,
Hans wants to try eat the soup and and Hans wants to try drink the beer,செந்தில் சூப் சாப்பிட முயற்சிக்க விரும்புகிறார் மற்றும் செந்தில் பீர் குடிக்க முயற்சிக்க விரும்புகிறார்,செந்தில் சூப் சாப்பிட மற்றும் பீர் குடிக்க முயற்சிக்க விரும்புகிறார்,4,செந்தில் சூப் சாப்பிடவும் மற்றும் பீர் குடிக்கவும் முயற்சிக்குறார்,1,
Hans wants to try eat the soup and and Hans wants the beer to try drink ,செந்தில் சூப் சாப்பிட முயற்சிக்க விரும்புகிறார் மற்றும் செந்தில் பீர் குடிக்க முயற்சிக்க விரும்புகிறார்,செந்தில் சூப் சாப்பிட மற்றும் பீர் குடிக்க முயற்சிக்க விரும்புகிறார்,2,
Caesar came and Caesar saw and Caesar won,சோழர் வந்தார் மற்றும் சோழர் பார்த்தார் மற்றும் சோழர் வென்றார்,சோழர் வந்தார் மற்றும் பார்த்தார் மற்றும் வென்றார்,4,சோழர் வந்தார் பார்த்தார் மற்றும் வென்றார்,2,
Caesar came and Caesar saw and Caesar fought and Caesar won,சோழர் வந்தார் மற்றும் சோழர் பார்த்தார் மற்றும் சோழர் போரிட்டார் மற்றும் சோழர் வென்றார்,சோழர் வந்தார் மற்றும் பார்த்தார் மற்றும் போரிட்டார் மற்றும் வென்றார்,3,சோழர் வந்தார் பார்த்தார் போரிட்டார் மற்றும் வென்றார்,2,
Caesar came and Caesar saw and Caesar fought and Caesar lost and Caesar disappeared,சோழர் வந்தார் மற்றும் சோழர் பார்த்தார் மற்றும் சோழர் போரிட்டார் மற்றும் சோழர் தோற்றார் மற்றும் சோழர் மறைந்தார்,சோழர் வந்தார் மற்றும் பார்த்தார் மற்றும் போரிட்டார் மற்றும் தோற்றார் மற்றும் மறைந்தார்,3,சோழர் வந்தார் பார்த்தார் போரிட்டார் தோற்றார் பிறகு மறைந்தார்,1,சோழர் வந்தார் பார்த்தார் போரிட்டார் தோற்றார் மற்றும் மறைந்தார்,1,
Caesar came and Titus saw and Titus won,சோழர் வந்தார் மற்றும் சேரர் பார்த்தார் மற்றும் சேரர் வென்றார்,சோழர் வந்தார் மற்றும் சேரர் பார்த்தார் மற்றும் வென்றார்,3,சோழர் வந்தார் சேரர் பார்த்தார் பிறகு சேரர் வென்றார்,1,
Caesar came and Titus came and Titus won,சோழர் வந்தார் மற்றும் சேரர் வந்தார் மற்றும் சேரர் வென்றார்,சோழர் மற்றும் சேரர் வந்தார்கள் மற்றும் சேரர் வென்றார்,3,சோழரும் சேரரும் வந்தார்கள் பிறகு சேரர் வென்றார்,1,சோழர் மற்றும் சேரர் வந்தார் மற்றும் சேரர் வென்றார்,1,சோழர் வந்தார் மற்றும் சேரர் வந்து வென்றார்,1,
Hans wants to sleep and Hans wants to dream and Hans wants to wake up,செந்தில் தூங்க விரும்புகிறார் மற்றும் செந்தில் கனவுகாண விரும்புகிறார் மற்றும் செந்தில் எழுந்திரிக்க விரும்புகிறார்,செந்தில் தூங்க மற்றும் கனவு காண மற்றும் எழுந்திரிக்க விரும்புகிறார்,2,செந்தில் தூங்கும்போது கனவுகாண விரும்புகிறார் மற்றும் எழுந்திரிக்க விரும்புகிறார்,1,செந்தில் தூங்க மற்றும் கனவுகாண மற்றும் எழுந்திரிக்க விரும்புகிறார்,1,செந்தில் தூங்கி கனவு கண்டு எழுந்திரிக்க விரும்புகிறார்,1,செந்தில் தூங்க விரும்புகிறார் கனவுகாண விரும்புகிறார் மற்றும் எழுந்திரிக்க விரும்புகிறார்,1,
the little Hans and the big Hans sleep,சிறிய செந்தில் மற்றும் பெரிய செந்தில் தூங்குகிறார்கள்,சிறிய மற்றும் பெரிய செந்தில் தூங்குகிறார்கள்,5,சிறிய செந்திலும் பெரிய செந்திலும் தூங்குகிறார்கள்,1,
With beer and sausages and potato salad Hans grills with Maria in front of the house and next to the house and behind the house,செந்தில் சுதா உடன் பீர் உடன் மற்றும் இறைச்சி உடன் மற்றும் உருளைக்கிழங்குசாலட் உடன் வீட்டின் முன் மற்றும் வீட்டின் அருகே மற்றும் வீட்டின் பின்னால் வாட்டுகிறார்,செந்தில் சுதா உடன் பீர் மற்றும் இறைச்சி மற்றும் உருளைக்கிழங்குசாலட் வீட்டின் முன் மற்றும் அருகே மற்றும் பின்னால் வாட்டுகிறார்,2,செந்தில் சுதா உடன் பீர் இறைச்சி மற்றும் உருளைக்கிழங்குசாலட்டை வீட்டின் முன் அருகே மற்றும் வீட்டின் பின்னால் வாட்டுகிறார்,1,செந்தில் சுதா உடன் பீர் இறைச்சி மற்றும் உருளைக்கிழங்குசாலட் உடன் வீட்டின் முன் வீட்டின் அருகே மற்றும் வீட்டின் பின்னால் வாட்டுகிறார்,1,
I hope that Hans sleeps and you hope that Hans sleeps,செந்தில் தூங்குகிறார் என்று நான் நம்புகிறேன் மற்றும் செந்தில் தூங்குகிறார் என்று நீ நம்புகிறாய்,செந்தில் தூங்குகிறார் என்று நான் மற்றும் நீ நம்புகிறோம்,2,செந்தில் தூங்குகிறார் என்று நான் நம்புகிறேன் மற்றும் நீயும் நம்புகிறாய்,2,செந்தில் தூங்குகிறார் என்று நாம் நம்புகிறோம்,1,செந்தில் தூங்குகிறார் என்று நான் நம்புகிறேன் மற்றும் நீ,1,செந்தில் தூங்குகிறார் என்று நானும் நீயும் நம்புகிறோம்,1,
Jan fixed his bike and Jan cleaned his bike,செந்தில் தனது மிதிவண்டியை பழுதுபார்த்தார் மற்றும் செந்தில் தனது மிதிவண்டியை சுத்தம்செய்தார்,செந்தில் தனது மிதிவண்டியை பழுதுபார்த்தார் மற்றும் சுத்தம்செய்தார்,5,செந்தில் தனது மிதிவண்டியை பழுது பார்த்தார் மற்றும் சுத்தம் செய்தார்,1,செந்தில் தனது மிதிவண்டியை பழுது பார்த்து சுத்தம் செய்தார்,1,
